{
    "total_runtime": 570.3102140426636,
    "num_documents": 1,
    "input_load_time": 0,
    "workflows": {
        "create_base_text_units": {
            "overall": 0.1799170970916748,
            "0_orderby": 0.003964900970458984,
            "1_zip": 0.0019299983978271484,
            "2_aggregate_override": 0.004633903503417969,
            "3_chunk": 0.14156389236450195,
            "4_select": 0.0026009082794189453,
            "5_unroll": 0.004179239273071289,
            "6_rename": 0.002077817916870117,
            "7_genid": 0.0035181045532226562,
            "8_unzip": 0.002264261245727539,
            "9_copy": 0.0019719600677490234,
            "10_filter": 0.009859085083007812
        },
        "create_base_extracted_entities": {
            "overall": 359.99199318885803,
            "0_entity_extract": 359.8133487701416,
            "1_merge_graphs": 0.17584896087646484
        },
        "create_summarized_entities": {
            "overall": 43.39875102043152,
            "0_summarize_descriptions": 43.39572191238403
        },
        "create_base_entity_graph": {
            "overall": 0.4277036190032959,
            "0_cluster_graph": 0.41821813583374023,
            "1_select": 0.006398916244506836
        },
        "create_final_entities": {
            "overall": 1.6421186923980713,
            "0_unpack_graph": 0.20576691627502441,
            "1_rename": 0.003679037094116211,
            "2_select": 0.0037119388580322266,
            "3_dedupe": 0.004748106002807617,
            "4_rename": 0.0037851333618164062,
            "5_filter": 0.010957002639770508,
            "6_text_split": 0.006972074508666992,
            "7_drop": 0.004212141036987305,
            "8_merge": 0.03435993194580078,
            "9_text_embed": 1.3333370685577393,
            "10_drop": 0.006997108459472656,
            "11_filter": 0.020198345184326172
        },
        "create_final_nodes": {
            "overall": 1.202690839767456,
            "0_layout_graph": 0.6255998611450195,
            "1_unpack_graph": 0.27274203300476074,
            "2_unpack_graph": 0.2216477394104004,
            "3_drop": 0.005819797515869141,
            "4_filter": 0.019936561584472656,
            "5_select": 0.0056667327880859375,
            "6_rename": 0.0057489871978759766,
            "7_join": 0.011198997497558594,
            "8_convert": 0.021882057189941406,
            "9_rename": 0.00677490234375
        },
        "create_final_communities": {
            "overall": 1.021089792251587,
            "0_unpack_graph": 0.1341538429260254,
            "1_unpack_graph": 0.24850797653198242,
            "2_aggregate_override": 0.010046005249023438,
            "3_join": 0.0227508544921875,
            "4_join": 0.024325847625732422,
            "5_concat": 0.008632898330688477,
            "6_filter": 0.41991710662841797,
            "7_aggregate_override": 0.024616003036499023,
            "8_join": 0.01714468002319336,
            "9_filter": 0.018388032913208008,
            "10_fill": 0.011380910873413086,
            "11_merge": 0.0569760799407959,
            "12_copy": 0.00828695297241211,
            "13_select": 0.009231090545654297
        },
        "join_text_units_to_entity_ids": {
            "overall": 0.037589073181152344,
            "0_select": 0.00803685188293457,
            "1_unroll": 0.008708953857421875,
            "2_aggregate_override": 0.012787818908691406
        },
        "create_final_relationships": {
            "overall": 0.2789778709411621,
            "0_unpack_graph": 0.14099669456481934,
            "1_filter": 0.027009010314941406,
            "2_rename": 0.009876012802124023,
            "3_filter": 0.0363917350769043,
            "4_drop": 0.009799957275390625,
            "5_compute_edge_combined_degree": 0.01390385627746582,
            "6_convert": 0.020299911499023438,
            "7_convert": 0.010001182556152344
        },
        "join_text_units_to_relationship_ids": {
            "overall": 0.10796809196472168,
            "0_select": 0.009718894958496094,
            "1_unroll": 0.010934114456176758,
            "2_aggregate_override": 0.06672120094299316,
            "3_select": 0.011214733123779297
        },
        "create_final_community_reports": {
            "overall": 159.58058309555054,
            "0_prepare_community_reports_nodes": 0.019567012786865234,
            "1_prepare_community_reports_edges": 0.016573190689086914,
            "2_restore_community_hierarchy": 0.016108036041259766,
            "3_prepare_community_reports": 0.32796382904052734,
            "4_create_community_reports": 159.17127084732056,
            "5_window": 0.018317699432373047
        },
        "create_final_text_units": {
            "overall": 0.09456610679626465,
            "0_select": 0.011223793029785156,
            "1_rename": 0.01106882095336914,
            "2_join": 0.02069997787475586,
            "3_join": 0.013961315155029297,
            "4_aggregate_override": 0.014316082000732422,
            "5_select": 0.012348175048828125
        },
        "create_base_documents": {
            "overall": 0.14776086807250977,
            "0_unroll": 0.021029949188232422,
            "1_select": 0.012585163116455078,
            "2_rename": 0.014084815979003906,
            "3_join": 0.015165090560913086,
            "4_aggregate_override": 0.013098001480102539,
            "5_join": 0.01563405990600586,
            "6_rename": 0.013480186462402344,
            "7_convert": 0.02796173095703125
        },
        "create_final_documents": {
            "overall": 0.02977728843688965,
            "0_rename": 0.013213872909545898
        }
    }
}